id;title;description;status;priority;due_date;completed_at
1;following psst graffiti;../fake-data/blob/hipster.txt;basket delightfully;28694;2026-04-10;2026-04-09T21:53:36
2;hourly meh utterly;../fake-data/blob/hipster.txt;vivaciously quietly fervently;22935;2026-04-09;2026-04-10T01:04:53
3;when frivolous pfft;../fake-data/blob/hipster.txt;print;8730;2026-04-10;2026-04-10T17:45:29
4;including waltz accentuate;../fake-data/blob/hipster.txt;immediate ack anti;25691;2026-04-10;2026-04-10T04:20:11
5;unbearably aha;../fake-data/blob/hipster.txt;instead spork;9396;2026-04-09;2026-04-09T19:33:31
6;refute;../fake-data/blob/hipster.txt;championship amid;12448;2026-04-10;2026-04-10T07:53:31
7;lest bah joshingly;../fake-data/blob/hipster.txt;foolishly;23712;2026-04-10;2026-04-10T17:47:23
8;regulate candid kinase;../fake-data/blob/hipster.txt;while dime of;1188;2026-04-10;2026-04-10T03:39:18
9;circa;../fake-data/blob/hipster.txt;pants successfully trial;26745;2026-04-10;2026-04-09T20:32:28
10;cash puzzled;../fake-data/blob/hipster.txt;nor;2789;2026-04-10;2026-04-10T01:14:21
